<?xml version="1.0" encoding="UTF-8"?>
<infoList vendor="NXP"><info name="LPC54018" chip="LPC54018" ><chip><name>LPC54018</name>
<family>LPC540xx</family>
<vendor>NXP</vendor>
<memory can_program="true" id="Flash" is_ro="true" size="0" type="Flash"/>
<memory id="RAM" size="0" type="RAM"/>
<memoryInstance derived_from="Flash" driver="LPC540xx_SPIFI_GENERIC.cfx" id="BOARD_FLASH" location="0x10000000" size="0x1000000"/>
<memoryInstance derived_from="RAM" id="SRAMX" location="0x0" size="0x30000"/>
<memoryInstance derived_from="RAM" id="SRAM_0_1_2_3" location="0x20000000" size="0x28000"/>
<memoryInstance derived_from="RAM" id="USB_RAM" location="0x40100000" size="0x2000"/>
<peripheralInstance derived_from="SYSCON" id="SYSCON" location="0x40000000"/>
<peripheralInstance derived_from="IOCON" id="IOCON" location="0x40001000"/>
<peripheralInstance derived_from="GINT0" id="GINT0" location="0x40002000"/>
<peripheralInstance derived_from="GINT0" id="GINT1" location="0x40003000"/>
<peripheralInstance derived_from="PINT" id="PINT" location="0x40004000"/>
<peripheralInstance derived_from="INPUTMUX" id="INPUTMUX" location="0x40005000"/>
<peripheralInstance derived_from="CTIMER0" id="CTIMER0" location="0x40008000"/>
<peripheralInstance derived_from="CTIMER0" id="CTIMER1" location="0x40009000"/>
<peripheralInstance derived_from="CTIMER0" id="CTIMER2" location="0x40028000"/>
<peripheralInstance derived_from="CTIMER0" id="CTIMER3" location="0x40048000"/>
<peripheralInstance derived_from="CTIMER0" id="CTIMER4" location="0x40049000"/>
<peripheralInstance derived_from="WWDT" id="WWDT" location="0x4000C000"/>
<peripheralInstance derived_from="MRT0" id="MRT0" location="0x4000D000"/>
<peripheralInstance derived_from="UTICK0" id="UTICK0" location="0x4000E000"/>
<peripheralInstance derived_from="OTPC" id="OTPC" location="0x40015000"/>
<peripheralInstance derived_from="RTC" id="RTC" location="0x4002C000"/>
<peripheralInstance derived_from="RIT" id="RIT" location="0x4002D000"/>
<peripheralInstance derived_from="SMARTCARD0" id="SMARTCARD0" location="0x40036000"/>
<peripheralInstance derived_from="SMARTCARD0" id="SMARTCARD1" location="0x40037000"/>
<peripheralInstance derived_from="ASYNC_SYSCON" id="ASYNC_SYSCON" location="0x40040000"/>
<peripheralInstance derived_from="SPIFI0" id="SPIFI0" location="0x40080000"/>
<peripheralInstance derived_from="EMC" id="EMC" location="0x40081000"/>
<peripheralInstance derived_from="DMA0" id="DMA0" location="0x40082000"/>
<peripheralInstance derived_from="LCD" id="LCD" location="0x40083000"/>
<peripheralInstance derived_from="USB0" id="USB0" location="0x40084000"/>
<peripheralInstance derived_from="SCT0" id="SCT0" location="0x40085000"/>
<peripheralInstance derived_from="FLEXCOMM0" id="FLEXCOMM0" location="0x40086000"/>
<peripheralInstance derived_from="FLEXCOMM0" id="FLEXCOMM1" location="0x40087000"/>
<peripheralInstance derived_from="FLEXCOMM0" id="FLEXCOMM2" location="0x40088000"/>
<peripheralInstance derived_from="FLEXCOMM0" id="FLEXCOMM3" location="0x40089000"/>
<peripheralInstance derived_from="FLEXCOMM0" id="FLEXCOMM4" location="0x4008A000"/>
<peripheralInstance derived_from="FLEXCOMM0" id="FLEXCOMM5" location="0x40096000"/>
<peripheralInstance derived_from="FLEXCOMM0" id="FLEXCOMM6" location="0x40097000"/>
<peripheralInstance derived_from="FLEXCOMM0" id="FLEXCOMM7" location="0x40098000"/>
<peripheralInstance derived_from="FLEXCOMM0" id="FLEXCOMM8" location="0x40099000"/>
<peripheralInstance derived_from="FLEXCOMM0" id="FLEXCOMM9" location="0x4009A000"/>
<peripheralInstance derived_from="FLEXCOMM0" id="FLEXCOMM10" location="0x4009F000"/>
<peripheralInstance derived_from="I2C0" id="I2C0" location="0x40086000"/>
<peripheralInstance derived_from="I2C0" id="I2C1" location="0x40087000"/>
<peripheralInstance derived_from="I2C0" id="I2C2" location="0x40088000"/>
<peripheralInstance derived_from="I2C0" id="I2C3" location="0x40089000"/>
<peripheralInstance derived_from="I2C0" id="I2C4" location="0x4008A000"/>
<peripheralInstance derived_from="I2C0" id="I2C5" location="0x40096000"/>
<peripheralInstance derived_from="I2C0" id="I2C6" location="0x40097000"/>
<peripheralInstance derived_from="I2C0" id="I2C7" location="0x40098000"/>
<peripheralInstance derived_from="I2C0" id="I2C8" location="0x40099000"/>
<peripheralInstance derived_from="I2C0" id="I2C9" location="0x4009A000"/>
<peripheralInstance derived_from="SPI0" id="SPI0" location="0x40086000"/>
<peripheralInstance derived_from="SPI0" id="SPI1" location="0x40087000"/>
<peripheralInstance derived_from="SPI0" id="SPI2" location="0x40088000"/>
<peripheralInstance derived_from="SPI0" id="SPI3" location="0x40089000"/>
<peripheralInstance derived_from="SPI0" id="SPI4" location="0x4008A000"/>
<peripheralInstance derived_from="SPI0" id="SPI5" location="0x40096000"/>
<peripheralInstance derived_from="SPI0" id="SPI6" location="0x40097000"/>
<peripheralInstance derived_from="SPI0" id="SPI7" location="0x40098000"/>
<peripheralInstance derived_from="SPI0" id="SPI8" location="0x40099000"/>
<peripheralInstance derived_from="SPI0" id="SPI9" location="0x4009A000"/>
<peripheralInstance derived_from="SPI0" id="SPI10" location="0x4009F000"/>
<peripheralInstance derived_from="USART0" id="USART0" location="0x40086000"/>
<peripheralInstance derived_from="USART0" id="USART1" location="0x40087000"/>
<peripheralInstance derived_from="USART0" id="USART2" location="0x40088000"/>
<peripheralInstance derived_from="USART0" id="USART3" location="0x40089000"/>
<peripheralInstance derived_from="USART0" id="USART4" location="0x4008A000"/>
<peripheralInstance derived_from="USART0" id="USART5" location="0x40096000"/>
<peripheralInstance derived_from="USART0" id="USART6" location="0x40097000"/>
<peripheralInstance derived_from="USART0" id="USART7" location="0x40098000"/>
<peripheralInstance derived_from="USART0" id="USART8" location="0x40099000"/>
<peripheralInstance derived_from="USART0" id="USART9" location="0x4009A000"/>
<peripheralInstance derived_from="GPIO" id="GPIO" location="0x4008C000"/>
<peripheralInstance derived_from="DMIC0" id="DMIC0" location="0x40090000"/>
<peripheralInstance derived_from="ENET" id="ENET" location="0x40092000"/>
<peripheralInstance derived_from="USBHSD" id="USBHSD" location="0x40094000"/>
<peripheralInstance derived_from="CRC_ENGINE" id="CRC_ENGINE" location="0x40095000"/>
<peripheralInstance derived_from="I2S0" id="I2S0" location="0x40097000"/>
<peripheralInstance derived_from="I2S0" id="I2S1" location="0x40098000"/>
<peripheralInstance derived_from="SDIF" id="SDIF" location="0x4009B000"/>
<peripheralInstance derived_from="CAN0" id="CAN0" location="0x4009D000"/>
<peripheralInstance derived_from="CAN0" id="CAN1" location="0x4009E000"/>
<peripheralInstance derived_from="ADC0" id="ADC0" location="0x400A0000"/>
<peripheralInstance derived_from="USBFSH" id="USBFSH" location="0x400A2000"/>
<peripheralInstance derived_from="USBHSH" id="USBHSH" location="0x400A3000"/>
<peripheralInstance derived_from="SHA0" id="SHA0" location="0x400A4000"/>
<peripheralInstance derived_from="ITM" id="ITM" location="0xE0000000"/>
<peripheralInstance derived_from="SystemControl" id="SystemControl" location="0xE000E000"/>
<peripheralInstance derived_from="SysTick" id="SysTick" location="0xE000E010"/>
<peripheralInstance derived_from="NVIC" id="NVIC" location="0xE000E100"/>
<peripheralInstance derived_from="ETM" id="ETM" location="0xE0041000"/>
</chip>
<processor><name gcc_name="cortex-m4">Cortex-M4</name>
<family>Cortex-M</family>
</processor>
<link href="LPC54018_internal_peripheral.xml" show="embed" type="simple"/>
</info>
</infoList>

